"Series Description","AUSTRALIA -- SPOT EXCHANGE RATE, US$/AUSTRALIAN $ RECIPROCAL OF RXI_N.M.AL ","SPOT EXCHANGE RATE - EURO AREA ","NEW ZEALAND -- SPOT EXCHANGE RATE, US$/NZ$ (RECIPROCAL OF RXI_N.M.NZ) ","United Kingdom -- Spot Exchange Rate, US$/Pound Sterling Reciprocal of rxi_n.m.uk","DENMARK -- SPOT EXCHANGE RATE, KRONER/US$ ","HONG KONG -- SPOT EXCHANGE RATE, HK$/US$ ","INDIA -- SPOT EXCHANGE RATE, RUPEES/US$","JAPAN -- SPOT EXCHANGE RATE, YEA/US$ ","KOREA -- SPOT EXCHANGE RATE, WON/US$ ","NORWAY -- SPOT EXCHANGE RATE, KRONER/US$ ","Singapore - SPOT EXCHANGE RATE, SINGAPORE $/US$ ","SWITZERLAND -- SPOT EXCHANGE RATE, FRANCS/US$ ","TAIWAN -- SPOT EXCHANGE RATE, NT$/US$ "
"Unit:","Currency:_Per_AUD","Currency:_Per_EUR","Currency:_Per_NZD","Currency:_Per_GBP","Currency:_Per_USD","Currency:_Per_USD","Currency:_Per_USD","Currency:_Per_USD","Currency:_Per_USD","Currency:_Per_USD","Currency:_Per_USD","Currency:_Per_USD","Currency:_Per_USD"
"Multiplier:","1","1","1","0.00999999978","1","1","1","1","1","1","1","1","1"
"Currency:","USD","USD","USD","USD","DKK","HKD","INR","JPY","KRW","NOK","SGD","CHF","TWD"
"Unique Identifier: ","H10/H10/RXI$US_N.M.AL","H10/H10/RXI$US_N.M.EU","H10/H10/RXI$US_N.M.NZ","H10/H10/RXI$US_N.M.UK","H10/H10/RXI_N.M.DN","H10/H10/RXI_N.M.HK","H10/H10/RXI_N.M.IN","H10/H10/RXI_N.M.JA","H10/H10/RXI_N.M.KO","H10/H10/RXI_N.M.NO","H10/H10/RXI_N.M.SI","H10/H10/RXI_N.M.SZ","H10/H10/RXI_N.M.TA"
"Time Period","RXI$US_N.M.AL","RXI$US_N.M.EU","RXI$US_N.M.NZ","RXI$US_N.M.UK","RXI_N.M.DN","RXI_N.M.HK","RXI_N.M.IN","RXI_N.M.JA","RXI_N.M.KO","RXI_N.M.NO","RXI_N.M.SI","RXI_N.M.SZ","RXI_N.M.TA"
1990-01,0.7811,,0.6022,1.6512,6.5620,7.8116,16.9633,144.9819,686.1842,6.5462,1.8873,1.5175,26.0814
1990-02,0.7593,,0.5916,1.6961,6.4729,7.8103,16.9895,145.6932,692.4737,6.4760,1.8641,1.4879,26.1175
1990-03,0.7556,,0.5847,1.6245,6.5349,7.8129,17.1164,153.3082,700.4952,6.5972,1.8777,1.5133,26.3612
1990-04,0.7637,,0.5788,1.6372,6.4305,7.7966,17.2943,158.4586,708.7619,6.5457,1.8783,1.4866,26.3687
1990-05,0.7611,,0.5729,1.6774,6.3349,7.7877,17.3245,154.0441,711.8476,6.4477,1.8589,1.4198,26.9608
1990-06,0.7790,,0.5825,1.7103,6.4080,7.7855,17.4210,153.6957,718.0714,6.4700,1.8471,1.4250,27.3907
1990-07,0.7908,,0.5915,1.8098,6.2339,7.7704,17.4119,149.0395,718.7450,6.2925,1.8193,1.3924,27.1627
1990-08,0.8087,,0.6129,1.9013,6.0033,7.7707,17.3465,147.4609,718.2591,6.0810,1.7905,1.3076,27.2913
1990-09,0.8251,,0.6208,1.8794,5.9961,7.7647,17.8595,138.4405,717.8737,6.0735,1.7671,1.3069,27.3018
1990-10,0.8006,,0.6113,1.9456,5.8117,7.7722,18.0736,129.5909,717.7611,5.9150,1.7257,1.2818,27.2880
1990-11,0.7729,,0.6112,1.9642,5.6946,7.7951,18.0975,129.2155,717.0300,5.7996,1.7100,1.2569,27.2449
1990-12,0.7702,,0.5957,1.9219,5.7735,7.8034,18.1272,133.8890,718.5750,5.8717,1.7275,1.2814,27.1619
1991-01,0.7793,,0.5948,1.9346,5.8115,7.7950,18.3390,133.6986,720.8250,5.8993,1.7455,1.2714,27.1968
1991-02,0.7835,,0.6012,1.9641,5.6953,7.7943,18.8600,130.5358,723.9706,5.7919,1.7180,1.2685,27.1088
1991-03,0.7711,,0.5939,1.8214,6.1886,7.7911,19.2429,137.3867,727.7316,6.2899,1.7589,1.3918,27.3113
1991-04,0.7795,,0.5891,1.7497,6.5163,7.7939,19.9064,137.1127,728.3571,6.6198,1.7688,1.4399,27.3330
1991-05,0.7743,,0.5865,1.7238,6.5793,7.7798,20.5186,138.2218,727.9905,6.6953,1.7688,1.4574,27.2816
1991-06,0.7598,,0.5765,1.6497,6.8634,7.7341,21.0620,139.7475,727.9722,6.9542,1.7782,1.5297,27.1660
1991-07,0.7716,,0.5668,1.6513,6.9030,7.7610,25.6127,137.8300,731.7636,6.9627,1.7555,1.5481,26.9817
1991-08,0.7823,,0.5735,1.6841,6.7396,7.7646,25.8457,136.8164,733.9045,6.8118,1.7269,1.5201,26.7296
1991-09,0.7937,,0.5799,1.7265,6.5367,7.7524,25.8335,134.2995,744.1789,6.6266,1.7002,1.4803,26.5587
1991-10,0.7925,,0.5631,1.7231,6.5246,7.7542,25.7973,130.7723,753.5400,6.6136,1.6940,1.4781,26.4058
1991-11,0.7866,,0.5635,1.7796,6.2947,7.7591,25.8021,129.6321,757.4368,6.3643,1.6709,1.4348,25.9753
1991-12,0.7712,,0.5526,1.8272,6.0831,7.7738,25.8180,128.0395,761.6810,6.1558,1.6453,1.3855,25.7586
1992-01,0.7476,,0.5419,1.8090,6.1257,7.7612,25.8629,125.4614,767.0905,6.2044,1.6337,1.4039,25.1500
1992-02,0.7518,,0.5418,1.7778,6.2763,7.7582,25.9921,127.6989,769.9333,6.3472,1.6361,1.4561,25.0486
1992-03,0.7586,,0.5479,1.7238,6.4462,7.7463,28.3777,132.8627,775.6750,6.5188,1.6601,1.5094,25.4065
1992-04,0.7624,,0.5414,1.7566,6.3906,7.7404,28.8962,133.5395,783.0045,6.4606,1.6567,1.5194,25.3079
1992-05,0.7559,,0.5351,1.8095,6.2678,7.7421,28.5415,130.7710,787.3526,6.3311,1.6408,1.4907,25.0158
1992-06,0.7556,,0.5420,1.8551,6.0573,7.7343,28.5186,126.8355,793.6000,6.1493,1.6240,1.4250,24.7695
1992-07,0.7451,,0.5461,1.9177,5.7409,7.7341,28.5639,125.8817,789.9273,5.8581,1.6142,1.3347,24.7828
1992-08,0.7248,,0.5406,1.9434,5.5851,7.7318,28.4635,126.2310,792.5619,5.7120,1.6077,1.2966,25.1203
1992-09,0.7225,,0.5411,1.8465,5.6203,7.7298,28.4757,122.5967,788.7611,5.8116,1.5988,1.2780,25.2269
1992-10,0.7148,,0.5394,1.6529,5.7278,7.7298,28.4767,121.1652,786.7905,6.0562,1.6081,1.3176,25.2780
1992-11,0.6898,,0.5200,1.5268,6.1166,7.7348,28.4737,123.8800,787.0947,6.4714,1.6338,1.4291,25.4045
1992-12,0.6897,,0.5157,1.5510,6.1206,7.7416,28.9786,124.0409,791.7455,6.6804,1.6397,1.4219,25.4515
1993-01,0.6730,,0.5127,1.5325,6.2319,7.7376,29.0432,124.9932,794.8722,6.8721,1.6527,1.4774,25.4519
1993-02,0.6829,,0.5160,1.4395,6.3019,7.7335,30.0421,120.7595,799.2526,6.9779,1.6463,1.5178,25.8371
1993-03,0.7078,,0.5303,1.4617,6.3242,7.7332,31.9391,117.0174,796.4174,6.9989,1.6446,1.5206,26.0263
1993-04,0.7115,,0.5390,1.5447,6.1339,7.7306,31.6095,112.4114,798.6136,6.7738,1.6228,1.4599,25.9869
1993-05,0.6986,,0.5429,1.5477,6.1751,7.7290,31.6125,110.3430,803.1947,6.8027,1.6136,1.4504,25.9779
1993-06,0.6749,,0.5395,1.5082,6.3380,7.7362,31.6682,107.4118,805.9136,6.9986,1.6175,1.4769,26.2666
1993-07,0.6779,,0.5490,1.4955,6.6531,7.7556,31.6000,107.6914,809.5810,7.3179,1.6206,1.5147,26.6821
1993-08,0.6774,,0.5526,1.4914,6.8976,7.7515,31.6123,103.7650,811.9409,7.3579,1.6100,1.4966,26.9500
1993-09,0.6517,,0.5516,1.5248,6.6336,7.7384,31.5776,105.5748,811.8429,7.0829,1.5972,1.4182,26.9311
1993-10,0.6610,,0.5526,1.5023,6.6379,7.7307,31.5050,107.0200,813.4500,7.1755,1.5735,1.4432,26.8646
1993-11,0.6647,,0.5479,1.4808,6.7667,7.7272,31.4335,107.8765,809.7900,7.3882,1.5950,1.4969,26.8838
1993-12,0.6736,,0.5563,1.4913,6.7042,7.7245,31.4400,109.9130,812.5696,7.4211,1.5975,1.4634,26.7683
1994-01,0.6961,,0.5626,1.4923,6.7697,7.7251,31.4400,111.4415,813.5450,7.5064,1.6037,1.4716,26.4950
1994-02,0.7161,,0.5744,1.4792,6.7668,7.7353,31.4489,106.3011,812.2421,7.4885,1.5873,1.4565,26.4402
1994-03,0.7109,,0.5709,1.4919,6.6296,7.7268,31.4147,105.0974,810.6870,7.3419,1.5819,1.4292,26.4141
1994-04,0.7156,,0.5691,1.4823,6.6642,7.7269,31.3914,103.4843,811.7095,7.3680,1.5628,1.4383,26.3886
1994-05,0.7243,,0.5835,1.5042,6.4857,7.7262,31.3754,103.7533,809.7905,7.1789,1.5464,1.4125,26.7919
1994-06,0.7329,,0.5912,1.5262,6.3786,7.7309,31.3845,102.5264,809.8636,7.0686,1.5310,1.3727,27.0176
1994-07,0.7341,,0.6006,1.5467,6.1581,7.7265,31.3764,98.4450,808.3900,6.8560,1.5137,1.3239,26.6578
1994-08,0.7401,,0.6012,1.5422,6.1845,7.7272,31.3727,99.9404,806.8304,6.8644,1.5045,1.3184,26.4191
1994-09,0.7420,,0.6030,1.5661,6.1038,7.7275,31.3723,98.7743,803.6905,6.7961,1.4885,1.2892,26.2097
1994-10,0.7379,,0.6090,1.6064,5.9479,7.7276,31.3726,98.3530,801.9750,6.6166,1.4761,1.2648,26.1315
1994-11,0.7549,,0.6209,1.5892,6.0268,7.7306,31.3940,98.0440,799.4550,6.7297,1.4682,1.2956,26.1880
1994-12,0.7739,,0.6373,1.5587,6.1614,7.7379,31.3894,100.1824,794.8143,6.8561,1.4657,1.3289,26.3810
1995-01,0.7647,,0.6402,1.5746,6.0311,7.7439,31.3736,99.7660,793.0750,6.6968,1.4532,1.2863,26.2995
1995-02,0.7447,,0.6345,1.5720,5.9302,7.7314,31.3795,98.2368,793.1947,6.5974,1.4541,1.2715,26.3389
1995-03,0.7345,,0.6460,1.6002,5.6281,7.7318,31.5865,90.5196,781.8130,6.2730,1.4216,1.1709,26.1022
1995-04,0.7356,,0.6672,1.6073,5.4391,7.7336,31.4073,83.6895,770.6100,6.2050,1.3986,1.1384,25.4910
1995-05,0.7272,,0.6674,1.5874,5.5194,7.7351,31.4179,85.1127,764.4318,6.2980,1.3947,1.1693,25.5373
1995-06,0.7196,,0.6695,1.5948,5.4604,7.7356,31.4037,84.6355,763.8818,6.2387,1.3953,1.1588,25.7841
1995-07,0.7279,,0.6742,1.5952,5.4073,7.7385,31.3853,87.3970,760.0450,6.1710,1.3984,1.1556,26.2780
1995-08,0.7414,,0.6569,1.5668,5.6060,7.7416,31.5923,94.7383,767.4217,6.3438,1.4116,1.1962,27.2339
1995-09,0.7537,,0.6561,1.5590,5.6587,7.7368,33.3098,100.5455,772.0400,6.3943,1.4331,1.1868,27.4320
1995-10,0.7570,,0.6590,1.5779,5.4912,7.7317,34.6564,100.8390,767.1952,6.2397,1.4231,1.1453,26.9252
1995-11,0.7453,,0.6522,1.5625,5.4923,7.7338,34.7100,101.9400,769.7810,6.2536,1.4128,1.1437,27.2567
1995-12,0.7405,,0.6500,1.5405,5.5791,7.7345,34.9663,101.8495,771.3050,6.3579,1.4148,1.1631,27.3145
1996-01,0.7417,,0.6619,1.5288,5.6618,7.7329,35.8117,105.7514,787.1333,6.4275,1.4211,1.1818,27.4057
1996-02,0.7556,,0.6749,1.5360,5.6749,7.7323,36.5945,105.7880,780.1150,6.4103,1.4115,1.1967,27.4845
1996-03,0.7714,,0.6808,1.5271,5.7074,7.7325,34.4852,105.9400,781.3143,6.4277,1.4095,1.1959,27.4000
1996-04,0.7857,,0.6824,1.5160,5.8050,7.7345,34.3195,107.1995,780.4182,6.4901,1.4085,1.2180,27.1877
1996-05,0.7970,,0.6857,1.5152,5.9160,7.7363,35.0250,106.3423,780.8591,6.5748,1.4074,1.2539,27.3518
1996-06,0.7912,,0.6765,1.5416,5.8941,7.7404,35.0995,108.9600,798.4500,6.5376,1.4090,1.2579,27.6740
1996-07,0.7897,,0.6900,1.5530,5.7948,7.7379,35.6673,109.1909,813.0318,6.4465,1.4160,1.2320,27.5727
1996-08,0.7830,,0.6886,1.5499,5.7327,7.7345,35.8000,107.8659,817.5227,6.4153,1.4124,1.2029,27.4964
1996-09,0.7928,,0.6964,1.5593,5.8057,7.7328,35.8700,109.9310,822.4000,6.4613,1.4086,1.2343,27.5000
1996-10,0.7918,,0.7007,1.5863,5.8576,7.7322,35.8036,112.4123,828.2364,6.4810,1.4124,1.2586,27.5323
1996-11,0.7968,,0.7098,1.6623,5.8053,7.7323,35.8392,112.2958,830.5632,6.3554,1.4025,1.2752,27.5216
1996-12,0.7966,,0.7050,1.6639,5.9428,7.7355,35.8815,113.9810,841.9190,6.4716,1.3999,1.3290,27.5162
1997-01,0.7776,,0.7009,1.6585,6.1199,7.7397,35.9037,117.9124,854.0714,6.4589,1.4061,1.3913,27.4767
1997-02,0.7677,,0.6908,1.6256,6.3867,7.7474,35.8905,122.9621,868.3947,6.6323,1.4193,1.4541,27.5542
1997-03,0.7875,,0.6979,1.6096,6.4628,7.7460,35.8848,122.7738,882.6190,6.7915,1.4378,1.4634,27.5510
1997-04,0.7787,,0.6922,1.6293,6.5226,7.7483,35.8281,125.6377,895.5682,6.9932,1.4417,1.4618,27.6286
1997-05,0.7751,,0.6910,1.6322,6.4926,7.7431,35.8248,119.1924,894.6667,7.0797,1.4368,1.4331,27.7910
1997-06,0.7542,,0.6871,1.6449,6.5804,7.7445,35.8202,114.2857,891.4048,7.2240,1.4271,1.4424,27.9029
1997-07,0.7420,,0.6610,1.6694,6.8317,7.7454,35.7474,115.3759,893.0909,7.4545,1.4521,1.4824,28.0323
1997-08,0.7404,,0.6421,1.6035,7.0109,7.7436,36.0085,117.9295,898.7095,7.6224,1.4977,1.5128,28.8238
1997-09,0.7231,,0.6360,1.6013,6.8001,7.7440,36.4756,120.8900,912.5048,7.3008,1.5164,1.4702,28.7314
1997-10,0.7197,,0.6356,1.6330,6.6922,7.7373,36.3020,121.0605,929.4182,7.0807,1.5597,1.4516,29.6964
1997-11,0.6953,,0.6242,1.6889,6.5937,7.7314,37.2889,125.3817,1035.2235,7.0588,1.5820,1.4069,31.7944
1997-12,0.6619,,0.5914,1.6597,6.7752,7.7456,39.4000,129.7341,1496.9000,7.2630,1.6518,1.4393,32.5023
1998-01,0.6566,,0.5793,1.6350,6.9190,7.7425,39.3910,129.5475,1707.3000,7.5007,1.7477,1.4748,34.1170
1998-02,0.6744,,0.5829,1.6408,6.9089,7.7412,39.0079,125.8516,1628.4211,7.5530,1.6509,1.4631,32.9484
1998-03,0.6696,,0.5726,1.6619,6.9661,7.7458,39.5686,129.0823,1489.3571,7.5833,1.6188,1.4901,32.5236
1998-04,0.6523,,0.5534,1.6723,6.9174,7.7497,39.7029,131.7536,1391.5455,7.5315,1.6007,1.5051,33.0155
1998-05,0.6312,,0.5388,1.6382,6.7662,7.7490,40.4687,134.8960,1399.0500,7.4539,1.6374,1.4790,33.4655
1998-06,0.6046,,0.5123,1.6504,6.8294,7.7471,42.3668,140.3305,1397.7727,7.5785,1.6941,1.4949,34.5527
1998-07,0.6180,,0.5185,1.6437,6.8499,7.7483,42.6118,140.7874,1295.7609,7.6246,1.7085,1.5136,34.3874
1998-08,0.5888,,0.5011,1.6342,6.8067,7.7494,42.8429,144.6800,1314.2857,7.7248,1.7571,1.4933,34.7305
1998-09,0.5889,,0.5044,1.6823,6.4717,7.7480,42.5790,134.4805,1375.5381,7.5564,1.7226,1.4000,34.6462
1998-10,0.6179,,0.5213,1.6944,6.2294,7.7483,42.3943,121.0486,1344.1429,7.4294,1.6378,1.3373,33.1214
1998-11,0.6349,,0.5340,1.6611,6.3960,7.7432,42.4284,120.2895,1294.0105,7.4562,1.6378,1.3852,32.6026
1998-12,0.6182,,0.5223,1.6708,6.3531,7.7471,42.5909,117.0709,1213.2182,7.6050,1.6515,1.3604,32.3373
1999-01,0.6320,1.1591,0.5388,1.6498,6.4194,7.7486,42.5453,113.2900,1175.1053,7.4532,1.6791,1.3856,32.3000
1999-02,0.6399,1.1203,0.5435,1.6276,6.6379,7.7490,42.5316,116.6684,1188.8368,7.7240,1.7004,1.4272,32.5642
1999-03,0.6308,1.0886,0.5323,1.6213,6.8287,7.7493,42.5161,119.4730,1229.7217,7.8151,1.7292,1.4660,33.1654
1999-04,0.6420,1.0701,0.5427,1.6089,6.9475,7.7495,42.7968,119.7723,1209.9636,7.7750,1.7134,1.4971,32.9650
1999-05,0.6628,1.0630,0.5530,1.6154,6.9925,7.7531,42.8590,121.9995,1197.9200,7.7496,1.7122,1.5078,32.7905
1999-06,0.6563,1.0377,0.5325,1.5950,7.1643,7.7575,43.2127,120.7245,1168.9136,7.8749,1.7107,1.5374,32.5250
1999-07,0.6562,1.0370,0.5261,1.5751,7.1792,7.7603,43.3567,119.3305,1189.0952,7.9029,1.6958,1.5474,32.3376
1999-08,0.6446,1.0605,0.5259,1.6058,7.0144,7.7638,43.5032,113.2268,1198.3091,7.8036,1.6787,1.5093,32.0764
1999-09,0.6495,1.0497,0.5230,1.6247,7.0828,7.7665,43.5981,106.8752,1201.0000,7.8361,1.6965,1.5262,31.8481
1999-10,0.6509,1.0706,0.5142,1.6572,6.9450,7.7696,43.5528,105.9650,1205.2850,7.7402,1.6757,1.4896,31.8275
1999-11,0.6388,1.0328,0.5122,1.6205,7.2019,7.7718,43.4580,104.6485,1176.9750,7.9367,1.6699,1.5543,31.7943
1999-12,0.6410,1.0110,0.5087,1.6132,7.3597,7.7728,43.5239,102.5843,1136.8043,8.0113,1.6745,1.5841,31.6248
2000-01,0.6560,1.0131,0.5127,1.6404,7.3492,7.7791,43.5895,105.2960,1130.9900,8.0241,1.6757,1.5903,30.8895
2000-02,0.6278,0.9834,0.4903,1.6000,7.5725,7.7816,43.6540,109.3885,1129.7455,8.2374,1.7028,1.6348,30.8058
2000-03,0.6094,0.9643,0.4902,1.5799,7.7228,7.7848,43.6383,106.3074,1116.3904,8.4100,1.7153,1.6636,30.7198
2000-04,0.5960,0.9449,0.4960,1.5823,7.8872,7.7880,43.6847,105.6270,1110.3200,8.6272,1.7096,1.6657,30.5203
2000-05,0.5784,0.9059,0.4708,1.5090,8.2329,7.7907,44.0759,108.3205,1119.4864,9.0533,1.7286,1.7190,30.7718
2000-06,0.5949,0.9505,0.4705,1.5092,7.8501,7.7934,44.7605,106.1255,1117.9350,8.6807,1.7277,1.6420,30.8305
2000-07,0.5870,0.9386,0.4597,1.5076,7.9471,7.7969,44.8405,108.2115,1115.0750,8.7185,1.7414,1.6519,30.9838
2000-08,0.5808,0.9045,0.4452,1.4889,8.2459,7.7995,45.7687,108.0804,1114.4670,8.9526,1.7206,1.7149,31.1061
2000-09,0.5521,0.8695,0.4171,1.4336,8.5849,7.7985,45.9680,106.8375,1117.5700,9.2331,1.7406,1.7586,31.1977
2000-10,0.5280,0.8525,0.4001,1.4506,8.7276,7.7977,46.4252,108.4429,1131.0990,9.3794,1.7525,1.7745,31.8457
2000-11,0.5218,0.8552,0.3990,1.4258,8.6992,7.7991,46.8214,109.0095,1156.5429,9.3524,1.7478,1.7779,32.4333
2000-12,0.5466,0.8983,0.4297,1.4629,8.3059,7.7991,46.7845,112.2090,1216.9350,9.0616,1.7361,1.6855,33.1230
2001-01,0.5552,0.9376,0.4442,1.4775,7.9629,7.7998,46.6138,116.6719,1272.6343,8.7817,1.7380,1.6305,32.6731
2001-02,0.5338,0.9205,0.4345,1.4525,8.1103,7.7999,46.5616,116.2337,1252.8526,8.9180,1.7435,1.6686,32.3300
2001-03,0.5031,0.9083,0.4182,1.4445,8.2229,7.7999,46.6532,121.5050,1291.4050,8.9859,1.7732,1.6908,32.6216
2001-04,0.5016,0.8925,0.4069,1.4348,8.3657,7.7993,46.7886,123.7710,1327.7571,9.0920,1.8118,1.7131,32.9405
2001-05,0.5199,0.8753,0.4218,1.4265,8.5256,7.7999,46.9473,121.7682,1298.8955,9.1380,1.8141,1.7528,33.2032
2001-06,0.5180,0.8530,0.4141,1.4020,8.7397,7.7997,47.0424,122.3510,1295.0476,9.3014,1.8170,1.7856,34.3280
2001-07,0.5089,0.8615,0.4081,1.4148,8.6442,7.7999,47.1781,124.4981,1305.2381,9.2566,1.8233,1.7570,34.8214
2001-08,0.5246,0.9014,0.4314,1.4372,8.2632,7.7997,47.1665,121.3670,1285.6522,8.9427,1.7613,1.6808,34.6391
2001-09,0.5036,0.9114,0.4173,1.4638,8.1654,7.7997,47.7511,118.6117,1293.8333,8.7691,1.7494,1.6338,34.5848
2001-10,0.5042,0.9050,0.4139,1.4501,8.2186,7.7999,48.0514,121.4536,1302.3636,8.8329,1.8113,1.6357,34.5827
2001-11,0.5165,0.8883,0.4158,1.4356,8.3832,7.7996,48.0430,122.4055,1282.1000,8.9296,1.8295,1.6509,34.4975
2001-12,0.5138,0.8912,0.4157,1.4413,8.3526,7.7989,47.9345,127.5945,1292.2850,8.9713,1.8382,1.6566,34.6820
2002-01,0.5170,0.8832,0.4245,1.4322,8.4183,7.7989,48.3533,132.6833,1316.3381,8.9684,1.8394,1.6709,35.0271
2002-02,0.5128,0.8707,0.4187,1.4227,8.5343,7.7996,48.7168,133.6426,1320.5526,8.9492,1.8312,1.6970,35.0732
2002-03,0.5256,0.8766,0.4333,1.4230,8.4795,7.7997,48.7667,131.0610,1322.9048,8.8072,1.8295,1.6743,35.0195
2002-04,0.5352,0.8860,0.4428,1.4429,8.3942,7.8000,48.9386,130.7718,1318.0909,8.6102,1.8285,1.6542,34.9173
2002-05,0.5498,0.9170,0.4610,1.4598,8.1098,7.7994,49.0168,126.3750,1262.2000,8.2050,1.8004,1.5889,34.4536
2002-06,0.5682,0.9561,0.4886,1.4837,7.7775,7.8000,48.9840,123.2905,1219.6950,7.7533,1.7831,1.5399,33.8890
2002-07,0.5538,0.9935,0.4809,1.5565,7.4807,7.8000,48.7877,117.8991,1179.9868,7.4694,1.7524,1.4718,33.2723
2002-08,0.5413,0.9781,0.4635,1.5368,7.5948,7.8000,48.6150,118.9927,1197.5091,7.6042,1.7553,1.4972,33.8841
2002-09,0.5465,0.9806,0.4702,1.5563,7.5752,7.7999,48.4625,121.0780,1211.6050,7.5018,1.7682,1.4931,34.5730
2002-10,0.5502,0.9812,0.4818,1.5575,7.5732,7.7995,48.3882,123.9077,1240.1909,7.4873,1.7843,1.4932,34.9468
2002-11,0.5613,1.0013,0.4973,1.5711,7.4201,7.7994,48.2853,121.6079,1210.2000,7.3157,1.7653,1.4658,34.6732
2002-12,0.5624,1.0194,0.5108,1.5863,7.2874,7.7988,48.1495,121.8929,1206.6143,7.1557,1.7532,1.4388,34.7990
2003-01,0.5829,1.0622,0.5398,1.6175,6.9980,7.7994,47.9571,118.8133,1176.4524,6.9138,1.7363,1.3765,34.5714
2003-02,0.5956,1.0785,0.5539,1.6079,6.8920,7.7995,47.7474,119.3379,1190.3684,7.0004,1.7451,1.3602,34.7342
2003-03,0.6015,1.0797,0.5537,1.5825,6.8807,7.7991,47.6767,118.6871,1237.2000,7.2760,1.7551,1.3614,34.7216
2003-04,0.6100,1.0862,0.5518,1.5739,6.8381,7.7996,47.3909,119.8950,1231.1045,7.2032,1.7771,1.3783,34.8239
2003-05,0.6468,1.1556,0.5756,1.6224,6.4268,7.7991,47.1100,117.3681,1201.2333,6.8145,1.7357,1.3111,34.6970
2003-06,0.6652,1.1674,0.5815,1.6609,6.3620,7.7988,46.6995,118.3290,1194.1429,7.0093,1.7351,1.3196,34.6329
2003-07,0.6607,1.1365,0.5864,1.6221,6.5425,7.7992,46.2200,118.6959,1181.1636,7.2924,1.7551,1.3611,34.3968
2003-08,0.6518,1.1155,0.5829,1.5939,6.6653,7.7993,45.9557,118.6624,1178.6000,7.4096,1.7533,1.3811,34.3181
2003-09,0.6635,1.1267,0.5843,1.6155,6.5953,7.7850,45.8467,114.8000,1165.4048,7.2782,1.7466,1.3743,33.9948
2003-10,0.6948,1.1714,0.6020,1.6792,6.3449,7.7427,45.4036,109.4955,1169.3409,7.0331,1.7345,1.3222,33.8745
2003-11,0.7158,1.1710,0.6285,1.6897,6.3526,7.7637,45.5544,109.1778,1186.3889,7.0054,1.7282,1.3318,34.0361
2003-12,0.7391,1.2298,0.6471,1.7516,6.0537,7.7645,45.5741,107.7377,1192.3364,6.7128,1.7107,1.2643,34.0564
2004-01,0.7717,1.2638,0.6738,1.8255,5.8952,7.7663,45.4560,106.2685,1183.3450,6.8117,1.6965,1.2391,33.6685
2004-02,0.7770,1.2640,0.6916,1.8673,5.8956,7.7748,45.2726,106.7079,1167.5316,6.9508,1.6869,1.2448,33.2137
2004-03,0.7496,1.2261,0.6607,1.8261,6.0757,7.7930,44.9693,108.5157,1166.2870,6.9598,1.6996,1.2778,33.2522
2004-04,0.7443,1.1989,0.6415,1.8031,6.2104,7.7970,43.8918,107.6564,1152.8636,6.9263,1.6849,1.2969,32.9705
2004-05,0.7039,1.2000,0.6151,1.7860,6.2021,7.7971,45.1755,112.1960,1177.8750,6.8428,1.7124,1.2839,33.4442
2004-06,0.6937,1.2146,0.6284,1.8279,6.1220,7.7980,45.5027,109.4336,1159.0227,6.8279,1.7136,1.2503,33.5677
2004-07,0.7161,1.2266,0.6467,1.8438,6.0631,7.8000,46.0557,109.4871,1158.7000,6.9126,1.7121,1.2452,33.8062
2004-08,0.7111,1.2191,0.6561,1.8203,6.1007,7.7997,46.3220,110.2336,1158.0318,6.8369,1.7145,1.2623,34.0232
2004-09,0.7028,1.2224,0.6594,1.7937,6.0866,7.7995,46.0548,110.0914,1148.7190,6.8416,1.6948,1.2629,33.8929
2004-10,0.7337,1.2507,0.6846,1.8077,5.9486,7.7889,45.7355,108.7835,1141.5700,6.5809,1.6767,1.2330,33.7748
2004-11,0.7704,1.2997,0.7009,1.8607,5.7178,7.7755,45.0325,104.6990,1086.4350,6.2700,1.6505,1.1711,32.7770
2004-12,0.7675,1.3406,0.7149,1.9286,5.5449,7.7760,43.8470,103.8104,1050.3739,6.1355,1.6402,1.1465,32.1703
2005-01,0.7668,1.3123,0.7065,1.8797,5.6699,7.7948,43.6150,103.3410,1037.9825,6.2672,1.6377,1.1792,31.8465
2005-02,0.7812,1.3013,0.7155,1.8871,5.7195,7.7994,43.5758,104.9442,1023.1105,6.3960,1.6381,1.1918,31.4976
2005-03,0.7848,1.3185,0.7300,1.9043,5.6488,7.7994,43.5861,105.2543,1007.7761,6.2116,1.6308,1.1756,31.1055
2005-04,0.7738,1.2943,0.7209,1.8961,5.7554,7.7984,43.6419,107.1938,1010.0667,6.3147,1.6511,1.1954,31.4800
2005-05,0.7663,1.2697,0.7191,1.8559,5.8628,7.7914,43.4095,106.5952,1001.8386,6.3656,1.6507,1.2172,31.2652
2005-06,0.7667,1.2155,0.7083,1.8177,6.1247,7.7755,43.5245,108.7473,1012.4600,6.4936,1.6723,1.2665,31.3473
2005-07,0.7524,1.2041,0.6789,1.7507,6.1943,7.7751,43.4340,111.9535,1036.5600,6.5783,1.6815,1.2945,31.8855
2005-08,0.7614,1.2295,0.6956,1.7944,6.0665,7.7709,43.5500,110.6065,1021.6804,6.4367,1.6623,1.2629,32.0757
2005-09,0.7651,1.2234,0.6987,1.8064,6.0973,7.7618,43.8462,111.2390,1029.8433,6.3830,1.6820,1.2671,32.9248
2005-10,0.7535,1.2022,0.6983,1.7651,6.2064,7.7559,44.7575,114.8695,1045.8775,6.5103,1.6915,1.2880,33.4675
2005-11,0.7353,1.1789,0.6897,1.7349,6.3277,7.7538,45.6315,118.4540,1040.7600,6.6399,1.6981,1.3110,33.5800
2005-12,0.7423,1.1861,0.6947,1.7458,6.2844,7.7531,45.5633,118.4624,1022.3810,6.7242,1.6738,1.3053,33.2861
2006-01,0.7505,1.2126,0.6872,1.7686,6.1530,7.7537,44.2010,115.4765,981.4350,6.6287,1.6310,1.2773,32.0350
2006-02,0.7418,1.1940,0.6735,1.7480,6.2514,7.7593,44.2300,117.8605,969.8447,6.7526,1.6286,1.3052,32.3189
2006-03,0.7266,1.2028,0.6342,1.7442,6.2025,7.7591,44.3378,117.2778,974.7109,6.6317,1.6211,1.3050,32.4587
2006-04,0.7369,1.2273,0.6220,1.7680,6.0798,7.7561,44.8245,117.0695,952.5950,6.3922,1.6008,1.2830,32.2880
2006-05,0.7639,1.2767,0.6311,1.8687,5.8398,7.7538,45.1959,111.7305,940.8168,6.1040,1.5755,1.2190,31.7368
2006-06,0.7399,1.2661,0.6190,1.8435,5.8897,7.7636,45.8886,114.6250,954.4500,6.2070,1.5912,1.2321,32.4395
2006-07,0.7528,1.2681,0.6178,1.8443,5.8826,7.7734,46.3675,115.7670,950.8100,6.2617,1.5837,1.2376,32.6170
2006-08,0.7631,1.2810,0.6348,1.8941,5.8236,7.7762,46.4461,115.9243,960.9522,6.2423,1.5754,1.2318,32.7609
2006-09,0.7549,1.2722,0.6551,1.8839,5.8633,7.7825,46.0105,117.2145,952.2900,6.5008,1.5803,1.2455,32.9035
2006-10,0.7544,1.2617,0.6621,1.8765,5.9085,7.7849,45.3552,118.6090,952.6429,6.6591,1.5775,1.2602,33.1938
2006-11,0.7728,1.2888,0.6693,1.9125,5.7858,7.7816,44.7257,117.3205,935.4143,6.3991,1.5558,1.2356,32.8081
2006-12,0.7858,1.3205,0.6933,1.9629,5.6452,7.7733,44.4835,117.3220,924.9800,6.1826,1.5401,1.2099,32.5115
2007-01,0.7826,1.2993,0.6947,1.9587,5.7364,7.8000,44.2062,120.4471,936.7619,6.3656,1.5373,1.2431,32.7695
2007-02,0.7830,1.3080,0.6934,1.9589,5.6981,7.8114,44.0195,120.5047,936.9000,6.1860,1.5333,1.2393,32.9684
2007-03,0.7932,1.3246,0.6995,1.9474,5.6232,7.8132,43.7936,117.2600,942.8841,6.1401,1.5242,1.2178,33.0095
2007-04,0.8273,1.3513,0.7345,1.9879,5.5155,7.8154,42.0176,118.9324,930.6905,6.0098,1.5150,1.2124,33.1452
2007-05,0.8254,1.3518,0.7334,1.9842,5.5120,7.8187,40.5686,120.7732,927.5636,6.0220,1.5231,1.2211,33.2777
2007-06,0.8423,1.3421,0.7570,1.9867,5.5463,7.8142,40.5905,122.6886,927.8667,5.9980,1.5367,1.2330,32.9743
2007-07,0.8677,1.3726,0.7862,2.0355,5.4199,7.8197,40.2738,121.4148,918.1190,5.7807,1.5156,1.2069,32.8095
2007-08,0.8291,1.3626,0.7259,2.0110,5.4621,7.8155,40.6791,116.7335,934.4848,5.8492,1.5226,1.2027,32.9617
2007-09,0.8461,1.3910,0.7188,2.0184,5.3563,7.7824,40.1735,115.0435,928.5950,5.6256,1.5110,1.1852,33.0100
2007-10,0.8996,1.4233,0.7603,2.0449,5.2363,7.7545,39.3661,115.8661,914.9435,5.4023,1.4650,1.1741,32.5473
2007-11,0.8961,1.4683,0.7631,2.0701,5.0766,7.7774,39.3267,111.0729,918.8095,5.4156,1.4466,1.1233,32.3275
2007-12,0.8719,1.4559,0.7690,2.0161,5.1235,7.7983,39.3750,112.4490,931.0950,5.5000,1.4487,1.1402,32.4115
2008-01,0.8823,1.4728,0.7740,1.9702,5.0575,7.8044,39.2676,107.8181,942.0571,5.3993,1.4299,1.1006,32.3586
2008-02,0.9133,1.4759,0.7969,1.9646,5.0507,7.7963,39.6735,107.0300,944.0050,5.3851,1.4106,1.0890,31.6125
2008-03,0.9221,1.5520,0.8004,2.0015,4.8043,7.7813,40.1452,100.7562,981.7348,5.1495,1.3843,1.0126,30.5771
2008-04,0.9309,1.5754,0.7897,1.9816,4.7354,7.7910,39.9668,102.6777,986.8636,5.0541,1.3643,1.0138,30.3555
2008-05,0.9492,1.5554,0.7777,1.9650,4.7963,7.7988,42.0019,104.3595,1034.1333,5.0571,1.3659,1.0448,30.5890
2008-06,0.9511,1.5562,0.7616,1.9664,4.7926,7.8073,42.7633,106.9152,1031.4857,5.1351,1.3679,1.0371,30.3705
2008-07,0.9620,1.5759,0.7546,1.9888,4.7335,7.8001,42.7027,106.8518,1015.0545,5.1058,1.3591,1.0283,30.4141
2008-08,0.8815,1.4955,0.7091,1.8865,4.9894,7.8076,42.9057,109.3624,1046.1143,5.3331,1.4052,1.0841,31.2205
2008-09,0.8168,1.4342,0.6739,1.7973,5.2020,7.7854,45.5300,106.5748,1134.8667,5.6958,1.4297,1.1102,31.9924
2008-10,0.6870,1.3266,0.6077,1.6862,5.6253,7.7588,48.6155,99.9659,1329.1877,6.4973,1.4784,1.1429,32.7025
2008-11,0.6591,1.2744,0.5664,1.5327,5.8448,7.7507,48.8517,96.9656,1398.7044,6.9290,1.5076,1.1910,33.1028
2008-12,0.6719,1.3511,0.5597,1.4854,5.5239,7.7504,48.5132,91.2750,1361.5727,7.0159,1.4769,1.1404,33.1555
2009-01,0.6754,1.3244,0.5510,1.4462,5.6284,7.7563,48.6995,90.1205,1354.3975,6.9566,1.4913,1.1267,33.3695
2009-02,0.6504,1.2797,0.5160,1.4422,5.8226,7.7534,49.2484,92.9158,1439.5842,6.8710,1.5178,1.1639,34.2389
2009-03,0.6666,1.3050,0.5336,1.4170,5.7137,7.7530,51.1291,97.8550,1449.6159,6.7855,1.5296,1.1555,34.3041
2009-04,0.7158,1.3199,0.5729,1.4712,5.6437,7.7501,49.9655,98.9200,1332.1250,6.6557,1.5028,1.1481,33.6009
2009-05,0.7648,1.3646,0.6014,1.5418,5.4585,7.7510,48.5100,96.6445,1254.3450,6.4504,1.4611,1.1076,32.8695
2009-06,0.8025,1.4014,0.6386,1.6369,5.3123,7.7505,47.6736,96.6145,1259.2932,6.3915,1.4522,1.0809,32.7700
2009-07,0.8049,1.4092,0.6444,1.6378,5.2837,7.7500,48.3624,94.3670,1259.6739,6.3566,1.4493,1.0780,32.8745
2009-08,0.8353,1.4266,0.6766,1.6532,5.2174,7.7506,48.2426,94.8971,1238.9952,6.0705,1.4420,1.0683,32.8564
2009-09,0.8622,1.4575,0.7046,1.6323,5.1065,7.7503,48.2924,91.2748,1211.8643,5.9006,1.4220,1.0391,32.5333
2009-10,0.9067,1.4821,0.7386,1.6212,5.0220,7.7497,46.6524,90.3671,1173.7405,5.6428,1.3974,1.0213,32.2910
2009-11,0.9197,1.4908,0.7301,1.6599,4.9914,7.7497,46.5305,89.2674,1162.8368,5.6430,1.3888,1.0131,32.3189
2009-12,0.9021,1.4579,0.7169,1.6226,5.1060,7.7526,46.5273,89.9509,1163.3109,5.7708,1.3962,1.0301,32.2459
2010-01,0.9127,1.4266,0.7263,1.6158,5.2177,7.7624,45.8944,91.1011,1138.1947,5.7402,1.3965,1.0345,31.8658
2010-02,0.8857,1.3680,0.6973,1.5618,5.4414,7.7670,46.2732,90.1395,1155.6553,5.9182,1.4122,1.0722,32.0621
2010-03,0.9123,1.3570,0.7036,1.5058,5.4837,7.7612,45.4509,90.7161,1136.0822,5.9204,1.3994,1.0666,31.8291
2010-04,0.9262,1.3417,0.7122,1.5332,5.5472,7.7627,44.4440,93.4527,1115.4591,5.9169,1.3817,1.0690,31.4767
2010-05,0.8713,1.2563,0.6984,1.4669,5.9253,7.7856,45.7690,91.9730,1164.8410,6.2872,1.3940,1.1295,31.8345
2010-06,0.8539,1.2223,0.6926,1.4768,6.0873,7.7880,46.4983,90.8059,1214.1114,6.4728,1.3976,1.1255,32.1988
2010-07,0.8786,1.2811,0.7145,1.5304,5.8179,7.7753,46.7617,87.5005,1203.8095,6.2633,1.3756,1.0530,32.0935
2010-08,0.9004,1.2903,0.7150,1.5661,5.7745,7.7702,46.4605,85.3727,1179.5159,6.1481,1.3551,1.0388,31.8695
2010-09,0.9398,1.3103,0.7288,1.5591,5.6867,7.7643,45.8729,84.3571,1159.9310,6.0431,1.3333,1.0002,31.6410
2010-10,0.9818,1.3901,0.7520,1.5867,5.3638,7.7580,44.3540,81.7285,1121.9400,5.8322,1.3026,0.9686,30.8130
2010-11,0.9889,1.3654,0.7723,1.5961,5.4617,7.7546,44.9315,82.5180,1129.6230,5.9645,1.2987,0.9847,30.3180
2010-12,0.9929,1.3221,0.7511,1.5595,5.6366,7.7736,45.1000,83.3376,1145.4833,5.9833,1.3063,0.9689,29.9014
2011-01,0.9962,1.3371,0.7656,1.5782,5.5749,7.7803,45.3750,82.6250,1118.8675,5.8561,1.2863,0.9565,29.1105
2011-02,1.0084,1.3656,0.7620,1.6124,5.4596,7.7895,45.3795,82.5368,1117.4368,5.7319,1.2757,0.9500,29.2779
2011-03,1.0113,1.4020,0.7423,1.6159,5.3191,7.7913,44.9143,81.6470,1119.2674,5.5913,1.2678,0.9185,29.4930
2011-04,1.0588,1.4460,0.7894,1.6379,5.1577,7.7716,44.3010,83.1771,1083.1762,5.4015,1.2463,0.8972,28.9824
2011-05,1.0675,1.4335,0.7959,1.6332,5.2030,7.7742,44.9024,81.1257,1084.3619,5.4766,1.2387,0.8740,28.7262
2011-06,1.0617,1.4403,0.8157,1.6219,5.1782,7.7850,44.8109,80.4259,1080.4523,5.4366,1.2336,0.8401,28.8118
2011-07,1.0781,1.4275,0.8480,1.6158,5.2230,7.7892,44.3960,79.2425,1057.4250,5.4502,1.2158,0.8214,28.8350
2011-08,1.0502,1.4333,0.8379,1.6356,5.1973,7.7965,45.3135,76.9657,1073.8870,5.4353,1.2089,0.7800,28.9674
2011-09,1.0220,1.3747,0.8119,1.5771,5.4170,7.7943,47.6905,76.7957,1121.9095,5.6257,1.2537,0.8767,29.7395
2011-10,1.0168,1.3732,0.7912,1.5768,5.4225,7.7774,49.2020,76.6430,1150.6850,5.6405,1.2757,0.8958,30.2590
2011-11,1.0112,1.3558,0.7714,1.5806,5.4886,7.7809,50.6785,77.5595,1133.4775,5.7405,1.2886,0.9079,30.2215
2011-12,1.0122,1.3155,0.7699,1.5587,5.6521,7.7767,52.3824,77.7967,1148.1262,5.8912,1.2954,0.9334,30.2505
2012-01,1.0415,1.2910,0.8015,1.5524,5.7599,7.7622,51.0015,76.9640,1140.3275,5.9424,1.2777,0.9376,29.9900
2012-02,1.0732,1.3238,0.8349,1.5804,5.6156,7.7544,49.1812,78.4700,1122.6900,5.7097,1.2535,0.9118,29.5340
2012-03,1.0526,1.3208,0.8201,1.5824,5.6294,7.7620,50.3635,82.4659,1126.1700,5.7074,1.2590,0.9131,29.5158
2012-04,1.0350,1.3160,0.8180,1.6000,5.6529,7.7621,51.6900,81.2524,1135.0238,5.7521,1.2510,0.9133,29.4433
2012-05,0.9980,1.2806,0.7748,1.5924,5.8061,7.7640,54.3314,79.6668,1156.6914,5.9151,1.2620,0.9383,29.4668
2012-06,0.9986,1.2541,0.7806,1.5556,5.9266,7.7590,55.9424,79.3152,1163.3886,6.0146,1.2784,0.9576,29.9052
2012-07,1.0300,1.2278,0.7986,1.5593,6.0590,7.7561,55.4248,78.9348,1142.2781,6.0690,1.2603,0.9783,29.9729
2012-08,1.0475,1.2406,0.8104,1.5722,6.0015,7.7562,55.4935,78.6909,1131.7457,5.9012,1.2480,0.9681,29.9426
2012-09,1.0406,1.2885,0.8199,1.6126,5.7855,7.7540,54.3500,78.1353,1122.9911,5.7467,1.2303,0.9386,29.4763
2012-10,1.0298,1.2974,0.8197,1.6080,5.7486,7.7515,53.0995,79.0132,1105.3823,5.7078,1.2237,0.9323,29.2418
2012-11,1.0405,1.2837,0.8195,1.5968,5.8100,7.7505,54.7845,81.0305,1086.9525,5.7180,1.2232,0.9388,29.1145
2012-12,1.0465,1.3119,0.8312,1.6145,5.6864,7.7501,54.6470,83.7905,1075.2225,5.6103,1.2204,0.9213,29.0445
2013-01,1.0500,1.3304,0.8370,1.5965,5.6087,7.7530,54.2290,89.0581,1066.5205,5.5500,1.2282,0.9234,29.1000
2013-02,1.0310,1.3347,0.8385,1.5474,5.5894,7.7552,53.8079,93.0016,1087.3084,5.5648,1.2382,0.9212,29.6321
2013-03,1.0345,1.2953,0.8284,1.5080,5.7552,7.7592,54.4229,94.7700,1102.8710,5.7806,1.2466,0.9466,29.7448
2013-04,1.0380,1.3025,0.8479,1.5311,5.7235,7.7631,54.3236,97.7582,1120.8977,5.7935,1.2380,0.9366,29.8268
2013-05,0.9919,1.2983,0.8249,1.5297,5.7410,7.7614,54.9845,100.9186,1111.4945,5.8202,1.2486,0.9557,29.7755
2013-06,0.9440,1.3197,0.7904,1.5493,5.6513,7.7602,58.3835,97.2350,1135.0085,5.8759,1.2595,0.9331,29.9285
2013-07,0.9155,1.3088,0.7885,1.5179,5.6983,7.7567,59.7609,99.6727,1125.0300,6.0246,1.2681,0.9449,29.9373
2013-08,0.9037,1.3314,0.7916,1.5505,5.6014,7.7553,62.8109,97.8123,1115.9418,5.9677,1.2724,0.9261,29.9414
2013-09,0.9303,1.3364,0.8163,1.5885,5.5814,7.7543,63.6480,99.2100,1082.3115,5.9662,1.2622,0.9231,29.6225
2013-10,0.9519,1.3646,0.8345,1.6098,5.4662,7.7536,61.6059,97.7700,1065.8573,5.9491,1.2431,0.9025,29.3768
2013-11,0.9324,1.3491,0.8259,1.6100,5.5281,7.7523,62.5179,100.0737,1061.5637,6.0856,1.2476,0.9129,29.5179
2013-12,0.8980,1.3708,0.8224,1.6383,5.4418,7.7535,61.8110,103.4600,1055.6348,6.1342,1.2589,0.8933,29.7233
2014-01,0.8858,1.3618,0.8275,1.6470,5.4787,7.7578,62.1057,103.7614,1067.1267,6.1622,1.2726,0.9038,30.1357
2014-02,0.8974,1.3665,0.8297,1.6558,5.4606,7.7585,62.1642,102.1253,1071.3063,6.1147,1.2659,0.8937,30.3063
2014-03,0.9089,1.3828,0.8539,1.6624,5.3975,7.7612,60.9476,102.3395,1070.4910,5.9955,1.2672,0.8805,30.3995
2014-04,0.9315,1.3810,0.8606,1.6748,5.4056,7.7540,60.3464,102.4582,1042.6350,5.9790,1.2548,0.8828,30.1927
2014-05,0.9305,1.3739,0.8605,1.6842,5.4331,7.7523,59.2843,101.7738,1024.7867,5.9389,1.2514,0.8883,30.1167
2014-06,0.9365,1.3595,0.8621,1.6908,5.4861,7.7516,59.7367,102.0629,1018.7443,6.0437,1.2512,0.8958,29.9900
2014-07,0.9389,1.3533,0.8687,1.7066,5.5097,7.7502,60.0956,101.7400,1021.0341,6.1992,1.2427,0.8978,29.9491
2014-08,0.9309,1.3315,0.8437,1.6700,5.5987,7.7504,60.8738,102.9438,1024.5500,6.1935,1.2484,0.9098,29.9729
2014-09,0.9042,1.2889,0.8134,1.6290,5.7757,7.7526,60.8976,107.4257,1035.8914,6.3525,1.2638,0.9370,30.1310
2014-10,0.8781,1.2677,0.7876,1.6074,5.8723,7.7572,61.3668,108.0264,1060.3359,6.5600,1.2745,0.9528,30.3964
2014-11,0.8644,1.2473,0.7834,1.5771,5.9660,7.7543,61.6828,116.2994,1097.8728,6.8090,1.2964,0.9642,30.7278
2014-12,0.8257,1.2329,0.7766,1.5644,6.0351,7.7541,62.7071,119.3233,1102.6224,7.2772,1.3150,0.9753,31.3519
2015-01,0.8064,1.1615,0.7628,1.5142,6.4083,7.7531,62.1300,118.2500,1088.1300,7.6865,1.3378,0.9443,31.6385
2015-02,0.7797,1.1350,0.7454,1.5329,6.5636,7.7551,61.9905,118.7600,1101.4605,7.5861,1.3549,0.9361,31.5537
2015-03,0.7724,1.0819,0.7460,1.4958,6.8954,7.7584,62.4805,120.3945,1112.9005,7.9952,1.3770,0.9798,31.4382
2015-04,0.7740,1.0822,0.7596,1.4968,6.9011,7.7509,62.6414,119.5095,1084.6709,7.8774,1.3482,0.9595,30.9709
2015-05,0.7891,1.1167,0.7383,1.5456,6.6823,7.7527,63.7150,120.7980,1092.6365,7.5503,1.3344,0.9316,30.6185
2015-06,0.7715,1.1226,0.6985,1.5576,6.6460,7.7528,63.7809,123.7186,1112.8832,7.8111,1.3455,0.9321,30.8982
2015-07,0.7407,1.0997,0.6650,1.5560,6.7850,7.7514,63.6045,123.3109,1146.5468,8.1255,1.3616,0.9547,31.1909
2015-08,0.7295,1.1136,0.6549,1.5578,6.7035,7.7530,65.0971,123.0038,1178.1438,8.2524,1.3981,0.9685,32.1914
2015-09,0.7059,1.1229,0.6339,1.5338,6.6447,7.7501,66.1667,120.1476,1184.3300,8.2845,1.4148,0.9725,32.6695
2015-10,0.7200,1.1228,0.6693,1.5343,6.6453,7.7499,65.0262,120.0481,1143.1990,8.2700,1.4005,0.9687,32.4367
2015-11,0.7146,1.0727,0.6554,1.5194,6.9555,7.7506,66.1000,122.6432,1153.4721,8.6394,1.4143,1.0098,32.6084
2015-12,0.7247,1.0889,0.6748,1.4981,6.8530,7.7507,66.5023,121.6350,1169.9464,8.6971,1.4081,0.9951,32.7905
2016-01,0.7011,1.0855,0.6534,1.4392,6.8743,7.7812,67.3332,118.2258,1203.3179,8.8194,1.4325,1.0082,33.4332
2016-02,0.7134,1.1092,0.6633,1.4290,6.7287,7.7829,68.2395,114.6155,1216.2285,8.6127,1.4052,0.9920,33.2385
2016-03,0.7504,1.1134,0.6745,1.4249,6.6986,7.7604,66.8909,112.9317,1181.5730,8.4754,1.3724,0.9811,32.5874
2016-04,0.7664,1.1346,0.6892,1.4319,6.5591,7.7556,66.4219,109.5519,1145.7967,8.2082,1.3496,0.9634,32.3200
2016-05,0.7318,1.1312,0.6807,1.4524,6.5762,7.7635,66.8895,108.8481,1173.7905,8.2269,1.3695,0.9777,32.5390
2016-06,0.7401,1.1232,0.7041,1.4197,6.6210,7.7620,67.2655,105.3509,1165.2023,8.3064,1.3533,0.9695,32.3000
2016-07,0.7529,1.1055,0.7132,1.3134,6.7293,7.7568,67.1580,104.1910,1140.8650,8.4795,1.3513,0.9830,32.1010
2016-08,0.7629,1.1207,0.7235,1.3101,6.6396,7.7560,66.9035,101.2383,1110.0183,8.3009,1.3476,0.9711,31.5374
2016-09,0.7591,1.1218,0.7312,1.3140,6.6390,7.7564,66.7138,101.7843,1108.3638,8.1957,1.3591,0.9732,31.4562
2016-10,0.7615,1.1014,0.7153,1.2330,6.7553,7.7570,66.7415,103.9075,1128.1660,8.1722,1.3847,0.9876,31.5860
2016-11,0.7532,1.0792,0.7153,1.2432,6.8973,7.7560,67.6395,108.4430,1162.7080,8.4147,1.4105,0.9963,31.7495
2016-12,0.7346,1.0545,0.7039,1.2483,7.0524,7.7586,67.8052,115.9981,1183.0700,8.5617,1.4358,1.0194,32.0005
2017-01,0.7465,1.0635,0.7132,1.2367,6.9919,7.7560,68.0474,114.8721,1179.1074,8.4570,1.4276,1.0075,31.6458
2017-02,0.7664,1.0650,0.7229,1.2495,6.9810,7.7596,66.9726,112.9116,1140.4874,8.3215,1.4137,1.0010,30.8547
2017-03,0.7622,1.0691,0.7006,1.2347,6.9553,7.7658,65.8009,112.9165,1133.8617,8.5063,1.4049,1.0015,30.6487
2017-04,0.7534,1.0714,0.6969,1.2639,6.9422,7.7737,64.5360,110.0910,1134.1755,8.5855,1.3983,1.0009,30.3585
2017-05,0.7437,1.1050,0.6946,1.2929,6.7338,7.7864,64.4195,112.2436,1125.1359,8.5059,1.3951,0.9867,30.1282
2017-06,0.7562,1.1233,0.7233,1.2810,6.6203,7.7984,64.4482,110.9141,1130.8464,8.4594,1.3834,0.9681,30.2595
2017-07,0.7807,1.1530,0.7358,1.2996,6.4501,7.8091,64.4240,112.4170,1131.7460,8.1473,1.3707,0.9604,30.3920
2017-08,0.7915,1.1813,0.7303,1.2952,6.2966,7.8217,63.9683,109.8270,1130.2700,7.8885,1.3608,0.9653,30.2330
2017-09,0.7974,1.1913,0.7259,1.3340,6.2455,7.8127,64.4775,110.7760,1131.5990,7.8382,1.3494,0.9625,30.1305
2017-10,0.7788,1.1755,0.7041,1.3202,6.3318,7.8053,65.0357,112.9148,1130.8838,7.9970,1.3595,0.9821,30.2519
2017-11,0.7620,1.1743,0.6886,1.3217,6.3376,7.8052,64.8435,112.8190,1099.7945,8.1946,1.3556,0.9915,30.0835
2017-12,0.7648,1.1836,0.6966,1.3404,6.2885,7.8128,64.2445,112.9405,1082.9020,8.3178,1.3462,0.9870,29.9545
2018-01,0.7956,1.2197,0.7263,1.3824,6.1056,7.8190,63.6452,110.8710,1065.6410,7.9039,1.3214,0.9604,29.4005
2018-02,0.7867,1.2340,0.7305,1.3961,6.0329,7.8222,64.4300,107.9700,1078.4747,7.8394,1.3200,0.9355,29.2458
2018-03,0.7759,1.2334,0.7258,1.3976,6.0403,7.8413,65.0455,106.0468,1069.9418,7.7702,1.3146,0.9480,29.1991
2018-04,0.7684,1.2270,0.7244,1.4079,6.0705,7.8482,65.6729,107.6562,1068.0452,7.8471,1.3160,0.9687,29.3767
2018-05,0.7525,1.1823,0.6953,1.3470,6.3001,7.8487,67.5100,109.6882,1076.6595,8.0963,1.3392,0.9969,29.8673
2018-06,0.7498,1.1679,0.6942,1.3294,6.3785,7.8471,67.7900,110.0638,1094.3552,8.1104,1.3480,0.9900,30.0848
2018-07,0.7403,1.1685,0.6789,1.3162,6.3768,7.8477,68.6867,111.5210,1122.2029,8.1307,1.3630,0.9948,30.5429
2018-08,0.7325,1.1547,0.6669,1.2878,6.4574,7.8492,69.6317,110.9965,1120.4270,8.3398,1.3687,0.9880,30.7039
2018-09,0.7206,1.1667,0.6598,1.3066,6.3938,7.8364,72.2779,112.0974,1119.8200,8.2464,1.3710,0.9683,30.7253
2018-10,0.7111,1.1488,0.6537,1.3012,6.4939,7.8375,73.5609,112.7218,1131.6150,8.2545,1.3790,0.9940,30.8823
2018-11,0.7247,1.1364,0.6777,1.2900,6.5684,7.8286,71.7380,113.3380,1125.3450,8.4797,1.3748,1.0011,30.8060
2018-12,0.7169,1.1380,0.6819,1.2664,6.5579,7.8194,70.8331,112.1994,1122.4244,8.6263,1.3704,0.9919,30.7822
2019-01,0.7151,1.1418,0.6782,1.2901,6.5386,7.8411,70.7100,108.9605,1120.3300,8.5476,1.3560,0.9897,30.8080
2019-02,0.7136,1.1349,0.6830,1.3016,6.5754,7.8477,71.1739,110.4400,1121.8333,8.5855,1.3539,1.0014,30.7989
2019-03,0.7082,1.1296,0.6835,1.3167,6.6060,7.8492,69.4895,111.1443,1131.6005,8.6072,1.3543,1.0005,30.8567
2019-04,0.7111,1.1234,0.6715,1.3029,6.6454,7.8445,69.4068,111.6414,1142.1650,8.5623,1.3561,1.0084,30.8468
2019-05,0.6945,1.1187,0.6562,1.2855,6.6728,7.8478,69.7827,109.9714,1182.9527,8.7387,1.3706,1.0107,31.2218
2019-06,0.6946,1.1295,0.6602,1.2675,6.6123,7.8260,69.3880,108.0685,1173.7845,8.6329,1.3621,0.9880,31.2895
2019-07,0.6978,1.1211,0.6679,1.2461,6.6588,7.8133,68.7391,108.2864,1177.2345,8.6196,1.3616,0.9880,31.0768
2019-08,0.6775,1.1129,0.6434,1.2160,6.7034,7.8420,71.1891,106.1886,1210.3782,8.9659,1.3845,0.9787,31.3886
2019-09,0.6815,1.1011,0.6345,1.2369,6.7785,7.8350,71.3110,107.5400,1194.1145,9.0053,1.3790,0.9906,31.0745
2019-10,0.6798,1.1058,0.6337,1.2657,6.7554,7.8421,71.0086,108.1368,1183.4473,9.1528,1.3704,0.9930,30.7014
2019-11,0.6827,1.1051,0.6397,1.2884,6.7617,7.8279,71.4942,108.8579,1167.2989,9.1500,1.3615,0.9929,30.4674
2019-12,0.6887,1.1114,0.6599,1.3109,6.7229,7.8045,71.1567,109.1010,1174.7052,9.0240,1.3565,0.9826,30.2590
2020-01,0.6851,1.1098,0.6601,1.3076,6.7339,7.7725,71.2790,109.2667,1167.4624,8.9615,1.3517,0.9698,30.0200
2020-02,0.6664,1.0911,0.6390,1.2953,6.8469,7.7757,71.5295,110.0295,1195.3358,9.2957,1.3897,0.9762,30.1574
2020-03,0.6218,1.1046,0.6056,1.2369,6.7646,7.7651,74.5482,107.6673,1218.1945,10.2403,1.4171,0.9593,30.1305
2020-04,0.6312,1.0871,0.6015,1.2420,6.8638,7.7512,76.1682,107.7386,1223.1309,10.4199,1.4228,0.9701,30.0732
2020-05,0.6517,1.0907,0.6087,1.2302,6.8377,7.7519,75.6575,107.2000,1228.1340,10.0926,1.4178,0.9692,29.9205
2020-06,0.6899,1.1259,0.6448,1.2523,6.6216,7.7501,75.7077,107.5782,1206.9459,9.5330,1.3935,0.9513,29.6523
2020-07,0.7040,1.1488,0.6593,1.2701,6.4831,7.7509,74.9286,106.6818,1198.6186,9.2777,1.3865,0.9327,29.4068
2020-08,0.7203,1.1831,0.6600,1.3143,6.2938,7.7502,74.5657,106.0129,1186.8562,8.9422,1.3689,0.9099,29.3771
2020-09,0.7224,1.1785,0.6665,1.2947,6.3149,7.7500,73.5233,105.5890,1176.8619,9.1621,1.3660,0.9149,29.1971
2020-10,0.7121,1.1768,0.6638,1.2980,6.3243,7.7503,73.5648,105.2095,1143.7681,9.2956,1.3597,0.9124,28.6952
2020-11,0.7270,1.1826,0.6856,1.3198,6.2968,7.7526,74.2311,104.4061,1116.0978,9.0999,1.3477,0.9110,28.5372
2020-12,0.7532,1.2168,0.7093,1.3434,6.1154,7.7519,73.6195,103.7952,1093.7876,8.7071,1.3324,0.8884,28.2029
2021-01,0.7726,1.2178,0.7200,1.3641,6.1082,7.7533,73.1106,103.7883,1098.2367,8.5096,1.3256,0.8865,28.0061
2021-02,0.7753,1.2094,0.7245,1.3867,6.1489,7.7529,72.8053,105.3774,1111.8137,8.5083,1.3277,0.8979,27.9411
2021-03,0.7710,1.1902,0.7136,1.3863,6.2483,7.7651,72.8196,108.6991,1130.2543,8.5127,1.3423,0.9298,28.2683
2021-04,0.7701,1.1965,0.7127,1.3845,6.2155,7.7691,74.5186,109.0445,1117.8555,8.3906,1.3343,0.9218,28.2382
2021-05,0.7763,1.2146,0.7225,1.4084,6.1220,7.7654,73.2065,109.1120,1123.6565,8.3073,1.3298,0.9027,27.9165
2021-06,0.7643,1.2048,0.7106,1.4025,6.1726,7.7617,73.5782,110.1073,1122.6073,8.4231,1.3335,0.9078,27.7800
2021-07,0.7417,1.1821,0.6981,1.3808,6.2911,7.7705,74.5390,110.2143,1146.3948,8.7934,1.3554,0.9174,27.9971
2021-08,0.7304,1.1767,0.6979,1.3797,6.3199,7.7834,74.1155,109.8527,1160.9945,8.8482,1.3548,0.9147,27.8591
2021-09,0.7312,1.1765,0.7053,1.3732,6.3206,7.7807,73.6357,110.1610,1172.8190,8.6583,1.3479,0.9228,27.7210
2021-10,0.7412,1.1600,0.7064,1.3701,6.4134,7.7793,74.9200,113.1215,1181.8900,8.4554,1.3507,0.9227,27.9225
2021-11,0.7307,1.1416,0.7019,1.3463,6.5155,7.7896,74.4770,113.9650,1184.0600,8.7379,1.3567,0.9213,27.8090
2021-12,0.7155,1.1301,0.6786,1.3303,6.5810,7.7990,75.3948,113.8329,1183.8871,8.9811,1.3634,0.9210,27.7481
2022-01,0.7180,1.1317,0.6742,1.3555,6.5753,7.7917,74.4075,114.8255,1196.0345,8.8474,1.3504,0.9191,27.6720
2022-02,0.7169,1.1349,0.6678,1.3540,6.5596,7.7992,74.9695,115.2763,1199.1226,8.8564,1.3464,0.9228,27.8716
2022-03,0.7374,1.1019,0.6868,1.3168,6.7525,7.8228,76.1896,118.5774,1220.8409,8.8340,1.3585,0.9294,28.4313
2022-04,0.7364,1.0803,0.6755,1.2933,6.8867,7.8414,76.1719,126.3743,1235.1533,8.9106,1.3662,0.9450,29.0933
2022-05,0.7041,1.0567,0.6393,1.2438,7.0410,7.8490,77.2933,128.8486,1268.8081,9.6137,1.3829,0.9804,29.5995
2022-06,0.7025,1.0567,0.6352,1.2320,7.0406,7.8481,78.0900,133.9619,1277.4057,9.7478,1.3842,0.9702,29.6029
2022-07,0.6856,1.0168,0.6196,1.1987,7.3209,7.8490,79.5915,136.7090,1308.0295,10.0077,1.3954,0.9701,29.8745
2022-08,0.6961,1.0129,0.6266,1.1983,7.3456,7.8465,79.5065,135.2835,1319.4122,9.7102,1.3840,0.9574,30.0900
2022-09,0.6671,0.9899,0.5918,1.1320,7.5170,7.8494,80.2538,143.2843,1396.3729,10.2983,1.4144,0.9733,31.2786
2022-10,0.6370,0.9853,0.5703,1.1332,7.5507,7.8498,82.2915,147.0515,1426.0650,10.5413,1.4227,0.9949,31.9590
2022-11,0.6596,1.0192,0.6061,1.1727,7.3074,7.8308,81.6805,142.4450,1361.7900,10.1639,1.3872,0.9660,31.4330
2022-12,0.6748,1.0591,0.6353,1.2180,7.0229,7.7854,82.4738,134.9148,1293.5629,9.8801,1.3518,0.9316,30.6524
2023-01,0.6955,1.0777,0.6402,1.2237,6.9029,7.8204,81.7410,130.4475,1243.0705,9.9495,1.3248,0.9241,30.3865
2023-02,0.6893,1.0702,0.6288,1.2084,6.9568,7.8471,82.5995,133.0463,1275.4205,10.2419,1.3320,0.9258,30.2289
2023-03,0.6676,1.0711,0.6207,1.2138,6.9522,7.8487,82.2665,133.6643,1306.0161,10.5323,1.3405,0.9255,30.5352
2023-04,0.6688,1.0962,0.6210,1.2446,6.7977,7.8496,81.9685,133.4745,1322.0570,10.5041,1.3318,0.8985,30.5595
2023-05,0.6643,1.0867,0.6214,1.2484,6.8549,7.8373,82.2977,137.0532,1327.4800,10.8075,1.3395,0.8977,30.7291
2023-06,0.6713,1.0840,0.6135,1.2627,6.8719,7.8330,82.2252,141.3581,1297.2514,10.7964,1.3462,0.9004,30.8405
2023-07,0.6742,1.1067,0.6232,1.2893,6.7332,7.8156,82.1565,140.9360,1282.2835,10.2338,1.3332,0.8723,31.2005
2023-08,0.6486,1.0910,0.5996,1.2706,6.8308,7.8263,82.8122,144.7804,1321.7561,10.4682,1.3506,0.8783,31.8239
2023-09,0.6425,1.0672,0.5931,1.2381,6.9877,7.8285,83.0700,147.8450,1334.2370,10.7247,1.3637,0.8996,32.0435
2023-10,0.6347,1.0565,0.5894,1.2175,7.0621,7.8246,83.2162,149.5933,1351.5071,11.0224,1.3688,0.9035,32.3024
2023-11,0.6508,1.0819,0.6005,1.2437,6.8940,7.8071,83.2660,149.6790,1308.1540,10.9051,1.3474,0.8902,31.8750
2023-12,0.6693,1.0909,0.6223,1.2657,6.8348,7.8098,83.2540,143.9815,1304.3945,10.5494,1.3321,0.8648,31.2515
2024-01,0.6636,1.0899,0.6168,1.2701,6.8418,7.8164,83.1119,146.2943,1325.9119,10.4136,1.3362,0.8591,31.2114
2024-02,0.6522,1.0793,0.6123,1.2630,6.9063,7.8218,82.9485,149.6150,1331.3345,10.5562,1.3447,0.8771,31.4330
2024-03,0.6558,1.0870,0.6081,1.2713,6.8598,7.8230,83.0214,149.8186,1331.6752,10.6121,1.3407,0.8886,31.6924
2024-04,0.6507,1.0724,0.5957,1.2517,6.9576,7.8305,83.3968,153.8900,1367.8555,10.9058,1.3568,0.9099,32.3350
2024-05,0.6626,1.0810,0.6066,1.2636,6.9007,7.8119,83.3873,155.8691,1364.7241,10.7443,1.3509,0.9088,32.3286
2024-06,0.6642,1.0763,0.6139,1.2716,6.9336,7.8100,83.4600,157.8600,1379.0526,10.6154,1.3517,0.8938,32.3768
2024-07,0.6673,1.0847,0.6030,1.2870,6.8786,7.8095,83.5895,157.5182,1382.0473,10.8071,1.3456,0.8917,32.6450
2024-08,0.6658,1.1020,0.6088,1.2945,6.7712,7.7962,83.8855,146.2641,1351.4436,10.6900,1.3152,0.8579,32.2359
2024-09,0.6770,1.1104,0.6224,1.3219,6.7180,7.7910,83.7910,142.9540,1330.6985,10.6226,1.2957,0.8472,31.9560
2024-10,0.6700,1.0895,0.6076,1.3043,6.8469,7.7707,84.0050,149.8909,1362.3691,10.8366,1.3110,0.8613,32.0905